{
  "pools": [
    {
      "rolls": 1,
      "entries": [
        {
          "type": "minecraft:loot_table",
          "weight": 6,
          "name": "cam:carapax/base",
          "functions": [
            {
              "function": "minecraft:set_nbt",
              "tag": "{CAM_StoredEnchantments:[{id:\"cam:dizziness\",lvl:1}]}"
            },
            {
              "function": "minecraft:set_lore",
              "lore": [
                {
                  "translate":"enchantment.cam.general",
                  "with": [
                      {
                        "translate":"enchant.cam.dizziness"
                      },
                      {
                        "translate":"enchantment.level.1"
                      }
                  ],
                  "color": "gray",
                  "italic": false
                }
              ]
            }
          ]
        },
        {
          "type": "minecraft:loot_table",
          "weight": 3,
          "name": "cam:carapax/base",
          "functions": [
            {
              "function": "minecraft:set_nbt",
              "tag": "{CAM_StoredEnchantments:[{id:\"cam:dizziness\",lvl:2}]}"
            },
            {
              "function": "minecraft:set_lore",
              "lore": [
                {
                  "translate":"enchantment.cam.general",
                  "with": [
                      {
                        "translate":"enchant.cam.dizziness"
                      },
                      {
                        "translate":"enchantment.level.2"
                      }
                  ],
                  "color": "gray",
                  "italic": false
                }
              ]
            }
          ]
        },
        {
          "type": "minecraft:loot_table",
          "weight": 1,
          "name": "cam:carapax/base",
          "functions": [
            {
              "function": "minecraft:set_nbt",
              "tag": "{CAM_StoredEnchantments:[{id:\"cam:dizziness\",lvl:3}]}"
            },
            {
              "function": "minecraft:set_lore",
              "lore": [
                {
                  "translate":"enchantment.cam.general",
                  "with": [
                      {
                        "translate":"enchant.cam.dizziness"
                      },
                      {
                        "translate":"enchantment.level.3"
                      }
                  ],
                  "color": "gray",
                  "italic": false
                }
              ]
            }
          ]
        }
      ],
      "functions": [
        {
          "function": "minecraft:set_nbt",
          "tag": "{CAM_ench_sword:1b,CAM_ench_bow:0b,CAM_ench_shield:0b}"
        }
      ]
    }
  ]
}
