{
  "pools": [
    {
      "rolls": 1,
      "entries": [
        {
          "type": "minecraft:loot_table",
          "name": "cam:carapax/physics/dizziness",
          "weight": 1
        },
        {
          "type": "minecraft:loot_table",
          "name": "cam:carapax/physics/freeze",
          "weight": 3
        },
        {
          "type": "minecraft:loot_table",
          "name": "cam:carapax/physics/poison",
          "weight": 3
        },
        {
          "type": "minecraft:loot_table",
          "name": "cam:carapax/physics/decay",
          "weight": 3
        },
        {
          "type": "minecraft:loot_table",
          "name": "cam:carapax/physics/rampage",
          "weight": 3
        },
        {
          "type": "minecraft:loot_table",
          "name": "cam:carapax/physics/rattlesnake",
          "weight": 2
        },
        {
          "type": "minecraft:loot_table",
          "name": "cam:carapax/physics/swift",
          "weight": 1
        },
        {
          "type": "minecraft:loot_table",
          "name": "cam:carapax/physics/backtrack",
          "weight": 3
        }
      ]
    }
  ]
}
