{
  "type": "minecraft:entity",
  "random_sequence": "minecraft:entities/piglin",
  "pools":[
            {
                "bonus_rolls":0.0,
                "rolls":1.0,
                "entries":[
                    {
                "type":"item",
                "name":"minecraft:piglin_head",
                        "functions":[
                            {
                                "function":"minecraft:set_count",
                                "count":1
                            }
                        ]
                    }
                ],
                "conditions":[
                    
                        {
                        "condition": "minecraft:random_chance_with_enchanted_bonus",
                        "enchanted_chance": 1,
                        "enchantment": "rainbow_trials:slash",
                        "unenchanted_chance": 0
                        }
                ]
            }
  ]
}