{
  "type": "minecraft:entity",
  "pools": [
    {
      "bonus_rolls": 0.0,
      "entries": [
        {
          "type": "minecraft:item",
          "functions": [
            {
              "add": false,
              "count": {
                "type": "minecraft:uniform",
                "max": 2.0,
                "min": 0.0
              },
              "function": "minecraft:set_count"
            },
            {
              "count": {
                "type": "minecraft:uniform",
                "max": 1.0,
                "min": 0.0
              },
              "enchantment": "minecraft:looting",
              "function": "minecraft:enchanted_count_increase"
            }
          ],
          "name": "minecraft:arrow"
        }
      ],
      "rolls": 1.0
    },
    {
      "bonus_rolls": 0.0,
      "entries": [
        {
          "type": "minecraft:item",
          "functions": [
            {
              "add": false,
              "count": {
                "type": "minecraft:uniform",
                "max": 2.0,
                "min": 0.0
              },
              "function": "minecraft:set_count"
            },
            {
              "count": {
                "type": "minecraft:uniform",
                "max": 1.0,
                "min": 0.0
              },
              "enchantment": "minecraft:looting",
              "function": "minecraft:enchanted_count_increase"
            }
          ],
          "name": "minecraft:bone"
        }
      ],
      "rolls": 1.0
    },
    {
        "bonus_rolls":0.0,
        "rolls":1.0,
        "entries":[
            {
                "type":"item",
                "name":"minecraft:skeleton_skull",
                "functions":[
                    {
                        "function":"minecraft:set_count",
                        "count":1
                    }
                ]
            }
        ],
        "conditions":[
            
                {
                "condition": "minecraft:random_chance_with_enchanted_bonus",
                "enchanted_chance": 1,
                "enchantment": "rainbow_trials:slash",
                "unenchanted_chance": 0
                }
        ]
    }
  ],
  "random_sequence": "minecraft:entities/skeleton"
}