{
    "condition": "minecraft:all_of",
    "terms": [
        {
            "condition": "minecraft:inverted",
            "term": {
                "condition": "minecraft:entity_properties",
                "entity": "this",
                "predicate": {
                    "equipment": {
                        "mainhand": {
                            "items": ["bow","crossbow"]
                        }
                    }
                }
            }
        },
        {
            "condition": "minecraft:any_of",
            "terms":[
                {
                    "condition": "minecraft:entity_properties",
                    "entity": "this",
                    "predicate": {
                        "equipment": {
                            "offhand": {
                                "nbt":"{CAM_Enchantments:[{id:\"cam:sculk\"}]}"
                            }
                        }
                    }
                }
            ]
        }        
    ]
}