{
    "anvil_cost": 2,
    "description": "斩杀",
    "effects":  {
        "post_attack": [{
            "effect": {
                "type": "apply_mob_effect",
                "to_apply": "minecraft:speed",
                "max_amplifier": 0,
                "min_amplifier": 0,
                "max_duration": 5,
                "min_duration": 5
            },
            "affected": "attacker",
            "enchanted": "attacker",
            "requirements": [{
                "condition": "entity_properties",
                "entity": "this",
                "predicate": {
                    "type": "#undead",
                    "nbt": "{Health:0.0f}"
                }
            }]
        }]
    },
    "max_level": 1,
    "max_cost": {
        "base": 18,
        "per_level_above_first": 8
    },
    "min_cost": {
        "base": 8,
        "per_level_above_first": 10
    },
    "slots": ["mainhand"],
    "supported_items": "#minecraft:enchantable/sword",
    "weight": 5
}