{
    "anvil_cost": 2,
    "description": "点石成金",
    "effects":  {
        "hit_block": [{
            "effect": {
                "type": "replace_block",
                "block_state": {
                    "type": "simple_state_provider",
                    "state": {
                        "Name": "minecraft:gold_ore"
                    }
                },
                "predicate": {
                    "type": "matching_blocks",
                    "blocks": "minecraft:stone"
                }
            }
        }]
    },
    "max_level": 1,
    "max_cost": {
        "base": 18,
        "per_level_above_first": 8
    },
    "min_cost": {
        "base": 8,
        "per_level_above_first": 10
    },
    "slots": ["mainhand"],
    "supported_items": "minecraft:blaze_rod",
    "weight": 5
}