{
    "pools": [
        {
            "rolls": 1,
            "entries": [
                {
                    "type": "minecraft:loot_table",
                    "name": "cam:carapax/mysterious/stormchop",
                    "weight": 4
                },
                {
                    "type": "minecraft:loot_table",
                    "name": "cam:carapax/mysterious/shield",
                    "weight": 5
                },
                {
                    "type": "minecraft:loot_table",
                    "name": "cam:carapax/mysterious/tyrant",
                    "weight": 1
                }
            ]
        }
    ]
}
