{
    "biomes":"#minecraft:has_structure/pillager_outpost",
    "spawn_overrides":{
        "monster":{
            "bounding_box":"piece",
            "spawns":[
                {
                    "type":"minecraft:pillager",
                    "weight":20,
                    "minCount":1,
                    "maxCount":4
                },
                {
                    "type":"minecraft:vindicator",
                    "weight":3,
                    "minCount":1,
                    "maxCount":1
                },
                {
                    "type":"minecraft:evoker",
                    "weight":2,
                    "minCount":1,
                    "maxCount":1
                },
                {
                    "type":"minecraft:witch",
                    "weight":2,
                    "minCount":1,
                    "maxCount":1
                }
            ]
        }
    },
    "step":"surface_structures",
    "terrain_adaptation":"beard_thin",
    "type":"jigsaw",
    "start_pool":"patricks_structure:pillager_camp/campfire",
    "start_height":{
        "absolute":2
    },
    "project_start_to_heightmap":"WORLD_SURFACE_WG",
    "use_expansion_hack": true,
    "size":8,
    "max_distance_from_center":100
}