{
  "pools": [
    {
      "rolls": 1,
      "entries": [
        {
          "type": "minecraft:loot_table",
          "name": "cam:carapax/base",
          "functions": [
            {
              "function": "minecraft:set_nbt",
              "tag": "{CAM_StoredEnchantments:[{id:\"cam:catalyze_1\",lvl:0}]}"
            },
            {
              "function": "minecraft:set_lore",
              "lore": [
                {
                  "translate":"enchant.cam.catalyze_1",
                  "color": "gray",
                  "italic": false
                }
              ]
            }
          ]
        },
        {
          "type": "minecraft:loot_table",
          "name": "cam:carapax/base",
          "functions": [
            {
              "function": "minecraft:set_nbt",
              "tag": "{CAM_StoredEnchantments:[{id:\"cam:catalyze_2\",lvl:0}]}"
            },
            {
              "function": "minecraft:set_lore",
              "lore": [
                {
                  "translate":"enchant.cam.catalyze_2",
                  "color": "gray",
                  "italic": false
                }
              ]
            }
          ]
        },
        {
          "type": "minecraft:loot_table",
          "name": "cam:carapax/base",
          "functions": [
            {
              "function": "minecraft:set_nbt",
              "tag": "{CAM_StoredEnchantments:[{id:\"cam:catalyze_3\",lvl:0}]}"
            },
            {
              "function": "minecraft:set_lore",
              "lore": [
                {
                  "translate":"enchant.cam.catalyze_3",
                  "color": "gray",
                  "italic": false
                }
              ]
            }
          ]
        }
      ],
      "functions": [
        {
          "function": "minecraft:set_nbt",
          "tag": "{CAM_ench_sword:1b,CAM_ench_bow:0b,CAM_ench_shield:1b}"
        }
      ]
    }
  ]
}
