{
  "pools": [
    {
      "rolls": 1,
      "entries": [
        {
          "type": "minecraft:loot_table",
          "name": "cam:carapax/magic/bloodrage",
          "weight": 3
        },
        {
          "type": "minecraft:loot_table",
          "name": "cam:carapax/magic/ender_looting",
          "weight": 2
        },
        {
          "type": "minecraft:loot_table",
          "name": "cam:carapax/magic/phylactery",
          "weight": 1
        },
        {
          "type": "minecraft:loot_table",
          "name": "cam:carapax/magic/vampire",
          "weight": 3
        },
        {
          "type": "minecraft:loot_table",
          "name": "cam:carapax/magic/wither",
          "weight": 3
        },
        {
          "type": "minecraft:loot_table",
          "name": "cam:carapax/magic/edification",
          "weight": 3
        },
        {
          "type": "minecraft:loot_table",
          "name": "cam:carapax/magic/catalyze",
          "weight": 1
        },
        {
          "type": "minecraft:loot_table",
          "name": "cam:carapax/magic/bleed"
        },
        {
          "type": "minecraft:loot_table",
          "name": "cam:carapax/magic/execution",
          "weight": 3
        }
      ]
    }
  ]
}
