{
    "type": "minecraft:block",
    "functions":[
        {
            "conditions":[
                {
                    "condition":"match_tool",
                    "predicate":{
                        "predicates":{
                            "minecraft:enchantments":[
                                {
                                    "enchantments":"rainbow_trials:auto_smelt"
                                }
                            ]
                        }
                    }
                }
            ],
            "function":"furnace_smelt"
        }
    ],
    "pools": [
      {
        "bonus_rolls": 0.0,
        "entries": [
          {
            "type": "minecraft:item",
            "functions": [
              {
                "add": false,
                "count": {
                  "type": "minecraft:uniform",
                  "max": 1.0,
                  "min": 0.0
                },
                "function": "minecraft:set_count"
              },
              {
                "function": "minecraft:explosion_decay"
              }
            ],
            "name": "minecraft:chorus_fruit"
          }
        ],
        "rolls": 1.0
      }
    ],
    "random_sequence": "minecraft:blocks/chorus_plant"
  }