{
    "type": "minecraft:block",
    "functions":[
        {
            "conditions":[
                {
                    "condition":"match_tool",
                    "predicate":{
                        "predicates":{
                            "minecraft:enchantments":[
                                {
                                    "enchantments":"rainbow_trials:auto_smelt"
                                }
                            ]
                        }
                    }
                }
            ],
            "function":"furnace_smelt"
        }
    ],
    "pools": [
      {
        "bonus_rolls": 0.0,
        "entries": [
          {
            "type": "minecraft:alternatives",
            "children": [
              {
                "type": "minecraft:item",
                "conditions": [
                  {
                    "condition": "minecraft:match_tool",
                    "predicate": {
                      "predicates": {
                        "minecraft:enchantments": [
                          {
                            "enchantments": "minecraft:silk_touch",
                            "levels": {
                              "min": 1
                            }
                          }
                        ]
                      }
                    }
                  }
                ],
                "name": "minecraft:clay"
              },
              {
                "type": "minecraft:item",
                "functions": [
                  {
                    "add": false,
                    "count": 4.0,
                    "function": "minecraft:set_count"
                  },
                  {
                    "function": "minecraft:explosion_decay"
                  }
                ],
                "name": "minecraft:clay_ball"
              }
            ]
          }
        ],
        "rolls": 1.0
      }
    ],
    "random_sequence": "minecraft:blocks/clay"
  }