{
    "type": "minecraft:block",
    "functions":[
        {
            "conditions":[
                {
                    "condition":"match_tool",
                    "predicate":{
                        "predicates":{
                            "minecraft:enchantments":[
                                {
                                    "enchantments":"rainbow_trials:auto_smelt"
                                }
                            ]
                        }
                    }
                }
            ],
            "function":"furnace_smelt"
        }
    ],
    "pools": [
      {
        "bonus_rolls": 0.0,
        "conditions": [
          {
            "condition": "minecraft:survives_explosion"
          }
        ],
        "entries": [
          {
            "type": "minecraft:item",
            "name": "minecraft:light_blue_terracotta"
          }
        ],
        "rolls": 1.0
      }
    ],
    "random_sequence": "minecraft:blocks/light_blue_terracotta"
  }