{
    "anvil_cost":2,
    "weight":1,
    "description":{
        "translate":"enchantment.rainbow_trials.armoring"
    },
    "supported_items":"minecraft:elytra",
    "min_cost": {
        "base" : 1,
        "per_level_above_first" : 0
    },
    "max_cost": {
        "base" : 31,
        "per_level_above_first" : -10
    },
    "max_level":2,
    "slots":[
        "armor"
    ],
    "effects":{
        "minecraft:attributes":[
            {
                "amount":{
                    "type":"linear",
                    "base": 4,
                    "per_level_above_first":4
                },
                "attribute":"armor",
                "id":"rainbow_trials:armoring",
                "operation":"add_value"
            },
            {
                "amount":{
                    "type":"linear",
                    "base": 1,
                    "per_level_above_first":2
                },
                "attribute":"armor_toughness",
                "id":"rainbow_trials:armoring",
                "operation":"add_value"
            },
            {
                "amount":{
                    "type":"linear",
                    "base": 0,
                    "per_level_above_first":0.1
                },
                "attribute":"knockback_resistance",
                "id":"rainbow_trials:armoring",
                "operation":"add_value"
            }
        ]
    }
}