{
    "anvil_cost": 2,
    "description": {
      "translate":"enchantment.rainbow_trials.berserk"
    },
    "max_cost": {
      "base": 41,
      "per_level_above_first": 4
    },
    "max_level": 3,
    "min_cost": {
      "base": 31,
      "per_level_above_first": 4
    },
    "slots": [
      "mainhand"
    ],
    "supported_items": "#minecraft:enchantable/weapon",
    "weight": 4,
    "effects":{
      "minecraft:post_attack":[
        {
          "affected":"victim",
          "enchanted":"attacker",
          "effect":{
            "type":"damage_entity",
            "damage_type":"rainbow_trials:berserk",
            "max_damage":{
              "type":"linear",
              "base":1,
              "per_level_above_first":1
            },
            "min_damage":{
              "type":"linear",
              "base":1,
              "per_level_above_first":1
            }
          },
          "requirements":{
            "condition":"random_chance",
            "chance":0.2
          }
        }
      ]
    }
}