{
    "anvil_cost":2,
    "weight":1,
    "description":{
        "translate":"enchantment.rainbow_trials.breeze_arrow"
    },
    "supported_items":[
        "minecraft:bow",
        "minecraft:crossbow"
    ],
    "min_cost": {
        "base" : 21,
        "per_level_above_first" : 0
    },
    "max_cost": {
        "base" : 81,
        "per_level_above_first" : 0
    },
    "max_level":1,
    "slots":[
        "hand"
    ],
    "effects":{
        "minecraft:post_attack":[
            {
                "affected":"victim",
                "enchanted":"attacker",
                "effect":{
                    "type":"explode",
                    "large_particle":{
                        "type":"explosion_emitter"
                    },
                    "small_particle":{
                        "type":"explosion_emitter"
                    },
                    "radius":10,
                    "sound":"entity.wind_charge.wind_burst",
                    "block_interaction":"trigger",
                    "range":15
                }
            }
        ],
        "minecraft:hit_block":[
            {
                "effect":{
                    "type":"explode",
                    "large_particle":{
                        "type":"explosion_emitter"
                    },
                    "small_particle":{
                        "type":"explosion_emitter"
                    },
                    "radius":80,
                    "sound":"entity.wind_charge.wind_burst",
                    "block_interaction":"trigger",
                    "range":15,
                    "offset":[
                        0,
                        0.2,
                        0
                    ]
                },
                "requirements":{
                    "condition":"entity_properties",
                    "entity":"this",
                    "predicate":{
                        "type":"arrow"
                    }
                }
            }
        ]
    }
}