{
    "anvil_cost": 2,
    "description": {
      "translate":"enchantment.rainbow_trials.catapult"
    },
    "max_cost": {
      "base": 41,
      "per_level_above_first": 4
    },
    "max_level": 1,
    "min_cost": {
      "base": 31,
      "per_level_above_first": 4
    },
    "slots": [
      "hand"
    ],
    "supported_items": "minecraft:crossbow",
    "weight": 4,
    "effects":{
        "minecraft:damage":[
            {
                "effect":{
                    "type":"multiply",
                    "factor":2
                },
                "requirements":{
                    "condition":"any_of",
                    "terms":[
                        {
                            "condition":"entity_properties",
                            "entity":"this",
                            "predicate":{
                                "type":"#rainbow_trials:air"
                            }
                        },
                        {
                            "condition":"entity_properties",
                            "entity":"this",
                            "predicate":{
                                "flags":{
                                    "is_on_ground": false
                                }
                            }
                        }
                    ]
                }
            }
        ]
    }
}