{
    "anvil_cost":2,
    "weight":3,
    "description":{
        "translate":"enchantment.rainbow_trials.crabby"
    },
    "supported_items":"#minecraft:enchantable/durability",
    "min_cost": {
        "base" : 21,
        "per_level_above_first" : 5
    },
    "max_cost": {
        "base" : 51,
        "per_level_above_first" : 5
    },
    "max_level":2,
    "slots":[
        "mainhand"
    ],
    "effects":{
        "minecraft:attributes":[
            {
                "amount":{
                    "type":"linear",
                    "base": 1,
                    "per_level_above_first":1
                },
                "attribute":"block_interaction_range",
                "id":"crabby",
                "operation":"add_value"
            },
            {
                "amount":{
                    "type":"linear",
                    "base": 1,
                    "per_level_above_first":1
                },
                "attribute":"entity_interaction_range",
                "id":"crabby",
                "operation":"add_value"
            }
        ]
    }
}