{
    "anvil_cost": 2,
    "description": {
      "translate":"enchantment.rainbow_trials.glass_breaker"
    },
    "max_cost": {
      "base": 26,
      "per_level_above_first": 5
    },
    "max_level": 3,
    "min_cost": {
      "base": 16,
      "per_level_above_first": 5
    },
    "slots": [
      "mainhand"
    ],
    "supported_items": "#minecraft:pickaxes",
    "weight": 4,
    "exclusive_set":"#rainbow_trials:breakers",
    "effects":{
      "minecraft:hit_block":[
        {
          "requirements":{
            "condition":"any_of",
            "terms":[
              {
                "condition":"block_state_property",
                "block":"glass_pane"
              },
              {
                "condition":"block_state_property",
                "block":"white_stained_glass_pane"
              },
              {
                "condition":"block_state_property",
                "block":"light_gray_stained_glass_pane"
              },
              {
                "condition":"block_state_property",
                "block":"gray_stained_glass_pane"
              },
              {
                "condition":"block_state_property",
                "block":"black_stained_glass_pane"
              },
              {
                "condition":"block_state_property",
                "block":"brown_stained_glass_pane"
              },
              {
                "condition":"block_state_property",
                "block":"red_stained_glass_pane"
              },
              {
                "condition":"block_state_property",
                "block":"orange_stained_glass_pane"
              },
              {
                "condition":"block_state_property",
                "block":"yellow_stained_glass_pane"
              },
              {
                "condition":"block_state_property",
                "block":"lime_stained_glass_pane"
              },
              {
                "condition":"block_state_property",
                "block":"green_stained_glass_pane"
              },
              {
                "condition":"block_state_property",
                "block":"cyan_stained_glass_pane"
              },
              {
                "condition":"block_state_property",
                "block":"light_blue_stained_glass_pane"
              },
              {
                "condition":"block_state_property",
                "block":"blue_stained_glass_pane"
              },
              {
                "condition":"block_state_property",
                "block":"purple_stained_glass_pane"
              },
              {
                "condition":"block_state_property",
                "block":"magenta_stained_glass_pane"
              },
              {
                "condition":"block_state_property",
                "block":"pink_stained_glass_pane"
              },
              {
                "condition":"block_state_property",
                "block":"tinted_glass"
              },
              {
                "condition":"block_state_property",
                "block":"glass"
              },
              {
                "condition":"block_state_property",
                "block":"white_stained_glass"
              },
              {
                "condition":"block_state_property",
                "block":"light_gray_stained_glass"
              },
              {
                "condition":"block_state_property",
                "block":"gray_stained_glass"
              },
              {
                "condition":"block_state_property",
                "block":"black_stained_glass"
              },
              {
                "condition":"block_state_property",
                "block":"brown_stained_glass"
              },
              {
                "condition":"block_state_property",
                "block":"red_stained_glass"
              },
              {
                "condition":"block_state_property",
                "block":"orange_stained_glass"
              },
              {
                "condition":"block_state_property",
                "block":"yellow_stained_glass"
              },
              {
                "condition":"block_state_property",
                "block":"lime_stained_glass"
              },
              {
                "condition":"block_state_property",
                "block":"green_stained_glass"
              },
              {
                "condition":"block_state_property",
                "block":"cyan_stained_glass"
              },
              {
                "condition":"block_state_property",
                "block":"light_blue_stained_glass"
              },
              {
                "condition":"block_state_property",
                "block":"blue_stained_glass"
              },
              {
                "condition":"block_state_property",
                "block":"purple_stained_glass"
              },
              {
                "condition":"block_state_property",
                "block":"magenta_stained_glass"
              },
              {
                "condition":"block_state_property",
                "block":"pink_stained_glass"
              }
            ]
          },
          "effect":{
            "type":"apply_mob_effect",
            "to_apply":"haste",
            "min_amplifier":{
              "type":"linear",
              "base":5,
              "per_level_above_first":20
            },
            "max_amplifier":{
              "type":"linear",
              "base":5,
              "per_level_above_first":20
            },
            "min_duration":1,
            "max_duration":1
          }
        }
      ]
    }
}