{
    "anvil_cost":2,
    "weight":3,
    "description":{
        "translate":"enchantment.rainbow_trials.health_boost"
    },
    "supported_items":"#minecraft:enchantable/chest_armor",
    "min_cost": {
        "base" : 21,
        "per_level_above_first" : 5
    },
    "max_cost": {
        "base" : 51,
        "per_level_above_first" : 5
    },
    "max_level":2,
    "slots":[
        "armor"
    ],
    "effects":{
        "minecraft:attributes":[
            {
                "amount":{
                    "type":"linear",
                    "base": 10,
                    "per_level_above_first":10
                },
                "attribute":"max_health",
                "id":"rainbow_trials:health_boost",
                "operation":"add_value"
            }
        ]
    },
    "exclusive_set":"#rainbow_trials:health_control"
}