{
    "anvil_cost":2,
    "weight":3,
    "description":{
        "translate":"enchantment.rainbow_trials.immolate"
    },
    "supported_items":"#minecraft:enchantable/chest_armor",
    "min_cost": {
        "base" : 21,
        "per_level_above_first" : 5
    },
    "max_cost": {
        "base" : 51,
        "per_level_above_first" : 5
    },
    "max_level":1,
    "slots":[
        "armor"
    ],
    "effects":{
        "minecraft:attributes":[
            {
                "amount":-5,
                "attribute":"max_health",
                "id":"rainbow_trials:immolate",
                "operation":"add_value"
            },
            {
                "amount":1,
                "attribute":"attack_damage",
                "id":"rainbow_trials:immolate",
                "operation":"add_multiplied_total"
            }
        ]
    },
    "exclusive_set":"#rainbow_trials:health_control"
}