{
    "anvil_cost": 2,
    "description": {
      "translate":"enchantment.rainbow_trials.obsidian_breaker"
    },
    "max_cost": {
      "base": 26,
      "per_level_above_first": 5
    },
    "max_level": 3,
    "min_cost": {
      "base": 16,
      "per_level_above_first": 5
    },
    "slots": [
      "mainhand"
    ],
    "supported_items": "#minecraft:pickaxes",
    "weight": 4,
    "exclusive_set":"#rainbow_trials:breakers",
    "effects":{
      "minecraft:hit_block":[
        {
          "requirements":{
            "condition":"any_of",
            "terms":[
              {
                "condition":"block_state_property",
                "block":"obsidian"
              },
              {
                "condition":"block_state_property",
                "block":"crying_obsidian"
              }
            ]
          },
          "effect":{
            "type":"apply_mob_effect",
            "to_apply":"haste",
            "min_amplifier":{
              "type":"linear",
              "base":5,
              "per_level_above_first":20
            },
            "max_amplifier":{
              "type":"linear",
              "base":5,
              "per_level_above_first":20
            },
            "min_duration":{
              "type":"lookup",
              "values":[
                5,
                2,
                1
              ],
              "fallback":1
            },
            "max_duration":{
              "type":"lookup",
              "values":[
                5,
                2,
                1
              ],
              "fallback":1
            }
          }
        }
      ]
    }
}