{
    "anvil_cost": 2,
    "description": {
      "translate":"enchantment.rainbow_trials.poison"
    },
    "max_cost": {
      "base": 55,
      "per_level_above_first": 4
    },
    "max_level": 3,
    "min_cost": {
      "base": 20,
      "per_level_above_first": 4
    },
    "slots": [
      "mainhand"
    ],
    "supported_items": "#rainbow_trials:damage_weapon",
    "weight": 4,
    "effects":{
      "minecraft:post_attack":[
        {
          "effect":{
            "type":"apply_mob_effect",
            "to_apply":"minecraft:poison",
            "min_amplifier":0,
            "max_amplifier":1,
            "min_duration":{
              "type":"lookup",
              "values":[
                1,
                4,
                8
              ],
              "fallback":15
            },
            "max_duration":{
              "type":"lookup",
              "values":[
                3,
                6,
                10
              ],
              "fallback":20
            }
          },
          "affected":"victim",
          "enchanted":"attacker"
        }
      ]
    }
}