{
    "anvil_cost":2,
    "weight":4,
    "description":{
        "translate":"enchantment.rainbow_trials.rabbity"
    },
    "supported_items":"#minecraft:enchantable/leg_armor",
    "min_cost": {
        "base" : 15,
        "per_level_above_first" : 10
    },
    "max_cost": {
        "base" : 45,
        "per_level_above_first" : 10
    },
    "max_level":2,
    "slots":[
        "legs"
    ],
    "effects":{
        "minecraft:attributes":[
            {
                "amount":{
                    "type":"linear",
                    "base": 0.2,
                    "per_level_above_first":0.2
                },
                "attribute":"jump_strength",
                "id":"rainbow_trials:rabbity",
                "operation":"add_value"
            }
        ]
    }
}