{
    "anvil_cost":2,
    "weight":3,
    "description":{
        "translate":"enchantment.rainbow_trials.rush"
    },
    "supported_items":"#minecraft:enchantable/leg_armor",
    "min_cost": {
        "base" : 50,
        "per_level_above_first" : 5
    },
    "max_cost": {
        "base" : 60,
        "per_level_above_first" : 5
    },
    "max_level":3,
    "slots":[
        "legs"
    ],
    "effects":{
        "minecraft:tick":[
            {
                "effect":{
                    "type":"run_function",
                    "function":"rainbow_trials:enchantments/rush"
                }
            }
        ]
    }
}