{
    "anvil_cost":2,
    "weight":3,
    "description":{
        "translate":"enchantment.rainbow_trials.shield_reinforcing"
    },
    "supported_items":"minecraft:shield",
    "min_cost": {
        "base" : 21,
        "per_level_above_first" : 5
    },
    "max_cost": {
        "base" : 51,
        "per_level_above_first" : 5
    },
    "max_level":2,
    "slots":[
        "hand"
    ],
    "effects":{
        "minecraft:attributes":[
            {
                "amount":{
                    "type":"linear",
                    "base": 2,
                    "per_level_above_first":2
                },
                "attribute":"armor",
                "id":"rainbow_trials:shield_reinforcing",
                "operation":"add_value"
            }
        ]
    }
}