{
    "anvil_cost": 2,
    "description": {
      "translate":"enchantment.rainbow_trials.slash"
    },
    "max_cost": {
      "base": 50,
      "per_level_above_first": 5
    },
    "max_level": 5,
    "min_cost": {
      "base": 30,
      "per_level_above_first": 5
    },
    "slots": [
      "mainhand"
    ],
    "supported_items": "#minecraft:enchantable/weapon",
    "weight": 4,
    "effects":{
      "minecraft:post_attack":[
        {
          "affected":"victim",
          "enchanted":"attacker",
          "effect":{
            "type":"run_function",
            "function":"rainbow_trials:health_register"
          }
        },
        {
          "affected":"victim",
          "enchanted":"attacker",
          "effect":{
            "type":"run_function",
            "function":"rainbow_trials:slash"
          }
        }
      ]
    }
}