{
    "anvil_cost":2,
    "weight":3,
    "description":{
        "translate":"enchantment.rainbow_trials.strong"
    },
    "supported_items":"#minecraft:enchantable/weapon",
    "min_cost": {
        "base" : 21,
        "per_level_above_first" : 5
    },
    "max_cost": {
        "base" : 51,
        "per_level_above_first" : 5
    },
    "max_level":3,
    "slots":[
        "mainhand"
    ],
    "effects":{
        "minecraft:attributes":[
            {
                "amount":{
                    "type":"linear",
                    "base": -1,
                    "per_level_above_first":-0.5
                },
                "attribute":"attack_damage",
                "id":"rainbow_trials:strong",
                "operation":"add_value"
            },
            {
                "amount":{
                    "type":"linear",
                    "base": 4,
                    "per_level_above_first":3
                },
                "attribute":"attack_speed",
                "id":"rainbow_trials:strong",
                "operation":"add_value"
            }
        ]
    }
}