{
    "anvil_cost": 2,
    "description": {
      "translate":"enchantment.rainbow_trials.tiring"
    },
    "max_cost": {
      "base": 43,
      "per_level_above_first": -4
    },
    "max_level": 3,
    "min_cost": {
      "base": 20,
      "per_level_above_first": -4
    },
    "slots": [
      "hand",
      "armor"
    ],
    "supported_items": "#minecraft:enchantable/durability",
    "weight": 1,
    "exclusive_set":"minecraft:efficiency",
    "effects":{
      "minecraft:tick":[
        {
          "requirements":{
            "condition":"random_chance",
            "chance":0.01
          },
          "effect":{
            "type":"apply_mob_effect",
            "to_apply":"minecraft:mining_fatigue",
            "min_amplifier":1,
            "max_amplifier":1,
            "min_duration":1.0,
            "max_duration":{
              "type":"linear",
              "base":2.0,
              "per_level_above_first":1.0
            }
          }
        }
      ]
    }
}