{
    "anvil_cost": 2,
    "description": {
      "translate":"enchantment.rainbow_trials.vampire"
    },
    "effects": {
      "minecraft:post_attack":[
        {
          "requirements":{
            "condition":"entity_scores",
            "entity":"attacker",
            "scores":{
              "bloodTicks":{
                "max":1000001,
                "min":{
                  "type":"enchantment_level",
                  "amount":{
                    "type":"linear",
                    "base":60,
                    "per_level_above_first":-10
                  }
                }
              }
            }
          },
          "affected":"victim",
          "enchanted":"attacker",
          "effect":{
            "type":"damage_entity",
            "damage_type":"rainbow_trials:vampire",
            "max_damage":{
              "type":"linear",
              "base":1,
              "per_level_above_first":2
            },
            "min_damage":{
              "type":"linear",
              "base":1,
              "per_level_above_first":2
            }
          }
        },
        {
          "requirements":{
            "condition":"entity_scores",
            "entity":"attacker",
            "scores":{
              "bloodTicks":{
                "max":1000001,
                "min":{
                  "type":"enchantment_level",
                  "amount":{
                    "type":"linear",
                    "base":60,
                    "per_level_above_first":-10
                  }
                }
              }
            }
          },
          "affected":"attacker",
          "enchanted":"attacker",
          "effect":{
            "type":"all_of",
            "effects":[
              {
                "type":"run_function",
                "function":"rainbow_trials:reset_vampire"
              },
              {
                "type":"apply_mob_effect",
                "to_apply":"minecraft:regeneration",
                "min_amplifier":8,
                "max_amplifier":8,
                "min_duration":{
                  "type":"linear",
                  "base":0.05,
                  "per_level_above_first":0.1
                },
                "max_duration":{
                  "type":"linear",
                  "base":0.05,
                  "per_level_above_first":0.1
                }
              }
            ]
          }
        }
      ]
    },
    "max_cost": {
      "base": 55,
      "per_level_above_first": 4
    },
    "max_level": 3,
    "min_cost": {
      "base": 20,
      "per_level_above_first": 4
    },
    "slots": [
      "mainhand"
    ],
    "supported_items": "#minecraft:enchantable/weapon",
    "primary_items": "#minecraft:enchantable/weapon",
    "weight": 4
  }