{
  "pools": [
    {
      "rolls": 1,
      "entries": [
        {
          "type": "item",
          "name": "minecraft:leather",
          "weight": 10
        },
        {
          "type": "item",
          "name": "minecraft:bone",
          "weight": 10
        },
        {
          "type": "loot_table",
          "name": "cam:misc/cps_2",
          "weight": 10
        },
        {
          "type": "item",
          "name": "minecraft:potion",
          "weight": 10,
          "functions": [
            {
              "function": "set_nbt",
              "tag": "{Potion:\"minecraft:water\"}"
            }
          ]
        },
        {
          "type": "item",
          "name": "minecraft:string",
          "weight": 5
        },
        {
          "type": "item",
          "name": "minecraft:bowl",
          "weight": 8
        },
        {
          "type": "item",
          "name": "minecraft:stick",
          "weight": 5
        },
        {
          "type": "item",
          "name": "minecraft:ink_sac",
          "weight": 1,
          "functions": [
            {
              "function": "set_count",
              "count": 10
            }
          ]
        },
        {
          "type": "item",
          "name": "minecraft:tripwire_hook",
          "weight": 10
        },
        {
          "type": "item",
          "name": "minecraft:rotten_flesh",
          "weight": 12
        },
        {
          "type": "loot_table",
          "name": "cam:cam/sculk_dust",
          "weight": 36
        },
        {
          "type": "minecraft:item",
          "conditions": [
            {
              "condition": "minecraft:any_of",
              "terms": [
                {
                  "condition": "minecraft:location_check",
                  "predicate": {
                    "biome": "minecraft:jungle"
                  }
                },
                {
                  "condition": "minecraft:location_check",
                  "predicate": {
                    "biome": "minecraft:jungle_hills"
                  }
                },
                {
                  "condition": "minecraft:location_check",
                  "predicate": {
                    "biome": "minecraft:jungle_edge"
                  }
                },
                {
                  "condition": "minecraft:location_check",
                  "predicate": {
                    "biome": "minecraft:bamboo_jungle"
                  }
                },
                {
                  "condition": "minecraft:location_check",
                  "predicate": {
                    "biome": "minecraft:modified_jungle"
                  }
                },
                {
                  "condition": "minecraft:location_check",
                  "predicate": {
                    "biome": "minecraft:modified_jungle_edge"
                  }
                },
                {
                  "condition": "minecraft:location_check",
                  "predicate": {
                    "biome": "minecraft:bamboo_jungle_hills"
                  }
                }
              ]
            }
          ],
          "weight": 10,
          "name": "minecraft:bamboo"
        },
        {
          "type": "minecraft:tag",
          "conditions": [
            {
              "condition": "minecraft:any_of",
              "terms": [
                {
                  "condition": "minecraft:location_check",
                  "predicate": {
                    "biome": "minecraft:mushroom_fields"
                  }
                },
                {
                  "condition": "minecraft:location_check",
                  "predicate": {
                    "biome": "minecraft:mushroom_field_shore"
                  }
                }
              ]
            }
          ],
          "weight": 10,
          "expand": true,
          "name": "uin:general/mushroom"
        },
        {
          "type": "minecraft:item",
          "weight": 1,
          "name": "minecraft:iron_nugget"
        }
      ]
    }
  ]
}
