{
    "pools": [
        {
            "rolls": 1,
            "entries": [
                {
                    "type": "item",
                    "name": "minecraft:pumpkin"
                },
                {
                    "type": "item",
                    "name": "minecraft:apple"
                }
            ],
            "functions": [
                {
                    "function": "minecraft:set_nbt",
                    "tag": "{CAM_wander_p:1,CAM_wander_c:4,CAM_wander:1b}"
                }
            ]
        }
    ]
}
