{
    "anvil_cost":2,
    "weight":1,
    "description":{
        "translate":"enchantment.rainbow_trials.bad.breaking",
        "color":"yellow"
    },
    "supported_items":"#minecraft:enchantable/durability",
    "min_cost": {
        "base" : 1,
        "per_level_above_first" : 0
    },
    "max_cost": {
        "base" : 31,
        "per_level_above_first" : -10
    },
    "max_level":3,
    "slots":[
        "any"
    ],
    "effects":{
        "minecraft:item_damage":[
            {
                "effect":{
                    "type":"multiply",
                    "factor":{
                        "type":"linear",
                        "base":2,
                        "per_level_above_first":1
                    }
                }
            }
        ]
    },
    "exclusive_set":"minecraft:unbreaking"
}