{
  "pools": [
    {
      "rolls": 1,
      "entries": [
        {
          "type": "minecraft:item",
          "name": "minecraft:carrot_on_a_stick",
          "functions": [
            {
              "function": "minecraft:set_nbt",
              "tag": "{CustomModelData:23333,display:{Name:'{\"text\":\"搬运架\",\"italic\":false}',Lore:['{\"text\":\"空的\",\"color\":\"gray\",\"italic\":false}']},CarryChest:'carrier',CarriedBlock:{id:'minecraft:empty'}}"
            }
          ]
        }
      ]
    }
  ]
}