{
  "pools": [
    {
      "rolls": 1,
      "entries": [
        {
          "type": "minecraft:item",
          "name": "minecraft:spawner",
          "functions": [
            {
              "function": "minecraft:copy_nbt",
              "source": "this",
              "ops": [
                {
                  "source": "ArmorItems[0].tag",
                  "target": "{}",
                  "op": "merge"
                }
              ]
            }
          ]
        }
      ]
    }
  ]
}