{
    "pools": [
        {
            "rolls": 1,
            "entries": [
                {
                    "type": "minecraft:loot_table",
                    "name": "cam:villager/wander/normal/1-4-1",
                    "weight": 2
                },
                {
                    "type": "minecraft:loot_table",
                    "name": "cam:villager/wander/normal/1-5-2",
                    "weight": 1
                },
                {
                    "type": "minecraft:loot_table",
                    "name": "cam:villager/wander/normal/1-6-4",
                    "weight": 1
                },
                {
                    "type": "minecraft:loot_table",
                    "name": "cam:villager/wander/normal/1-7-1",
                    "weight": 1
                },
                {
                    "type": "minecraft:loot_table",
                    "name": "cam:villager/wander/normal/1-8-1",
                    "weight": 4
                },
                {
                    "type": "minecraft:loot_table",
                    "name": "cam:villager/wander/normal/1-8-8",
                    "weight": 1
                },
                {
                    "type": "minecraft:loot_table",
                    "name": "cam:villager/wander/normal/1-12-1",
                    "weight": 20
                },
                {
                    "type": "minecraft:loot_table",
                    "name": "cam:villager/wander/normal/1-12-2",
                    "weight": 5
                },
                {
                    "type": "minecraft:loot_table",
                    "name": "cam:villager/wander/normal/1-12-3",
                    "weight": 2
                },
                {
                    "type": "minecraft:loot_table",
                    "name": "cam:villager/wander/normal/2-5-1",
                    "weight": 5
                },
                {
                    "type": "minecraft:loot_table",
                    "name": "cam:villager/wander/normal/3-8-1",
                    "weight": 6
                },
                {
                    "type": "minecraft:loot_table",
                    "name": "cam:villager/wander/normal/3-12-1",
                    "weight": 1
                },
                {
                    "type": "minecraft:loot_table",
                    "name": "cam:villager/wander/normal/4-5-1",
                    "weight": 1
                },
                {
                    "type": "minecraft:loot_table",
                    "name": "cam:villager/wander/normal/5-5-1",
                    "weight": 7
                },
                {
                    "type": "minecraft:loot_table",
                    "name": "cam:villager/wander/normal/5-8-1",
                    "weight": 1
                }
            ]
        }
    ]
}
