{
  "pools": [
    {
      "rolls": 1,
      "entries": [
        {
          "type": "minecraft:loot_table",
          "name": "cam:sacrificing_table/magic/bloodrage",
          "conditions": [
            {
              "condition": "minecraft:reference",
              "name": "cam:sacrifice/weapon_type/swords"
            }
          ],
          "weight": 3
        },
        {
          "type": "minecraft:loot_table",
          "name": "cam:sacrificing_table/magic/ender_looting",
          "conditions": [
            {
              "condition": "minecraft:reference",
              "name": "cam:sacrifice/weapon_type/swords"
            }
          ],
          "weight": 2
        },
        {
          "type": "minecraft:loot_table",
          "name": "cam:sacrificing_table/magic/phylactery",
          "weight": 1
        },
        {
          "type": "minecraft:loot_table",
          "name": "cam:sacrificing_table/magic/vampire",
          "conditions": [
            {
              "condition": "minecraft:reference",
              "name": "cam:sacrifice/weapon_type/swords"
            }
          ],
          "weight": 3
        },
        {
          "type": "minecraft:loot_table",
          "name": "cam:sacrificing_table/magic/wither",
          "weight": 3
        },
        {
          "type": "minecraft:loot_table",
          "name": "cam:sacrificing_table/magic/edification",
          "weight": 3
        },
        {
          "type": "minecraft:loot_table",
          "name": "cam:sacrificing_table/magic/catalyze",
          "conditions": [
            {
              "condition": "minecraft:reference",
              "name": "cam:sacrifice/weapon_type/swords"
            }
          ],
          "weight": 1
        },
        {
          "type": "minecraft:loot_table",
          "name": "cam:sacrificing_table/magic/bleed",
          "conditions": [
            {
              "condition": "minecraft:reference",
              "name": "cam:sacrifice/weapon_type/swords"
            }
          ],
          "weight": 1
        },
        {
          "type": "minecraft:loot_table",
          "name": "cam:sacrificing_table/magic/execution",
          "conditions": [
            {
              "condition": "minecraft:reference",
              "name": "cam:sacrifice/weapon_type/swords"
            }
          ],
          "weight": 3
        }
      ]
    }
  ]
}
