{
  "condition": "minecraft:inverted",
  "term": {
    "condition": "minecraft:any_of",
    "terms": [
      {
        "condition": "minecraft:inverted",
        "term": {
          "condition": "minecraft:location_check",
          "predicate": {
            "block": {
              "nbt": "{Items:[{id:\"minecraft:bamboo\",Slot:0b},{id:\"minecraft:baked_potato\",Slot:2b,tag:{id:\"cam:baked_bamboo_sapling\"}}]}"
            }
          }
        }
      },
      {
        "condition": "minecraft:location_check",
        "predicate": {
          "block": {
            "nbt": "{Items:[{Slot:0b,tag:{id:\"cam:bamboo_sapling\"}}]}"
          }
        }
      }
    ]
  }
}
