{
  "processors": [
    {
      "processor_type": "minecraft:rule",
      "rules": [
        {
          "input_predicate": {
            "block": "minecraft:grass_block",
            "predicate_type": "minecraft:block_match"
          },
          "location_predicate": {
            "block": "minecraft:sand",
            "predicate_type": "minecraft:block_match"
          },
          "output_state": {
            "Name": "minecraft:sand"
          }
        }
      ]
    }
  ]
}