{
	"pools": [
		{
			"rolls": 1,
			"entries": [
				{
					"type": "minecraft:item",
					"name": "minecraft:tipped_arrow",
					"functions": [
						{
							"function": "minecraft:set_nbt",
							"tag": "{HideFlags:32,CustomModelData:9102096,CAM_bone_arrow:1b,id:\"cam:bone_arrow\",display:{Name:'[{\"translate\":\"item.cam.bone_arrow\",\"color\":\"white\",\"bold\":false,\"italic\":false,\"underlined\":false,\"strikethrough\":false,\"obfuscated\":false}]'},CAM_version:1}"
						}
					]
				}
			]
		}
	]
}
