{
	"pools": [
		{
			"rolls": 1,
			"entries": [
				{
					"type": "minecraft:item",
					"name": "minecraft:firework_star",
					"functions": [
						{
							"function": "minecraft:set_nbt",
							"tag": "{id:\"cam:broken_prism\",CustomModelData:9102134,display:{Name:'[{\"translate\":\"item.cam.broken_prism\",\"italic\":false}]',Lore:['{\"text\":\"\"}','{\"translate\":\"text.cam.prism_1\",\"color\":\"aqua\",\"italic\":false}','{\"translate\":\"text.cam.prism_2\",\"color\":\"aqua\",\"italic\":false}','{\"translate\":\"text.cam.prism_3\",\"color\":\"aqua\",\"italic\":false}','{\"translate\":\"text.cam.prism_4\",\"color\":\"aqua\",\"italic\":false}']}}"
						}
					]
				}
			]
		}
	]
}
