{
	"pools": [
		{
			"rolls": 1,
			"entries": [
				{
					"type": "minecraft:item",
					"name": "minecraft:iron_axe",
					"functions": [
						{
							"function": "minecraft:set_nbt",
							"tag": "{id:\"cam:dizziness_hammer\",display:{Name:'[{\"translate\":\"item.cam.dizziness\",\"italic\":false}]',Lore:['{\"translate\":\"enchantment.cam.general\",\"with\":[{\"translate\":\"enchant.cam.dizziness\"},{\"translate\":\"enchantment.level.2\"}],\"color\":\"gray\",\"italic\":false}']},CAM_Enchantments:[{id:\"cam:dizziness\",lvl:2}],CustomModelData:9102005,Enchantments:[{id:\"cam:antigrind\"}],RepairCost:65,CAM_antigrind:1b,CAM_grindtype:2}"
						}
					]
				}
			]
		}
	]
}
