{
	"pools": [
		{
			"rolls": 1,
			"entries": [
				{
					"type": "minecraft:item",
					"name": "minecraft:iron_sword",
					"functions": [
						{
							"function": "minecraft:set_nbt",
							"tag": "{id:\"cam:ender_sword\",CustomModelData:9102007,CAM_Enchantments:[{id:\"cam:looting\",lvl:0}],Enchantments:[{id:\"cam:antigrind\"}],display:{Name:'[{\"translate\":\"item.cam.ender_sword\",\"color\":\"dark_purple\",\"italic\":false}]',Lore:['{\"translate\":\"enchant.cam.ender_looting\",\"color\":\"gray\",\"italic\":false}']},RepairCost:65,CAM_antigrind:1b,CAM_grindtype:2}"
						}
					]
				}
			]
		}
	]
}
