{
	"pools": [
		{
			"rolls": 1,
			"entries": [
				{
					"type": "minecraft:item",
					"name": "minecraft:firework_star",
					"functions": [
						{
							"function": "minecraft:set_nbt",
							"tag": "{id:\"cam:eroded_sword\",CustomModelData:9102135,display:{Name:'[{\"translate\":\"item.cam.eroded_sword\",\"italic\":false}]',Lore:['{\"translate\":\"text.cam.eroded_1\",\"color\":\"aqua\",\"italic\":false}','{\"translate\":\"text.cam.eroded_2\",\"color\":\"aqua\",\"italic\":false}','{\"translate\":\"text.cam.eroded_3\",\"color\":\"aqua\",\"italic\":false}','{\"translate\":\"text.cam.eroded_4\",\"color\":\"aqua\",\"italic\":false}']}}"
						}
					]
				}
			]
		}
	]
}
