{
	"pools": [
		{
			"rolls": 1,
			"entries": [
				{
					"type": "minecraft:item",
					"name": "minecraft:tipped_arrow",
					"functions": [
						{
							"function": "minecraft:set_nbt",
							"tag": "{id:\"cam:erosion_arrow\",Potion:CBC,custom_potion_effects:[{id:\"minecraft:nausea\",amplifier:0b,duration:400},{id:\"minecraft:poison\",amplifier:0b,duration:400}],CustomPotionColor:14807065,display:{Name:'[{\"translate\":\"item.cam.erosion_arrow\",\"color\":\"yellow\",\"bold\":false,\"italic\":false,\"underlined\":false,\"strikethrough\":false,\"obfuscated\":false}]',Lore:['{\"translate\":\"lore.cam.erosion\",\"color\":\"gray\",\"bold\":false,\"italic\":false,\"underlined\":false,\"strikethrough\":false,\"obfuscated\":false}']},HideFlags:32,CustomModelData:9102029}"
						}
					]
				}
			]
		}
	]
}
