{
	"pools": [
		{
			"rolls": 1,
			"entries": [
				{
					"type": "minecraft:item",
					"name": "minecraft:firework_star",
					"functions": [
						{
							"function": "minecraft:set_nbt",
							"tag": "{id:\"cam:poison_heart\",poison:1b,Enchantments:[{}],display:{Lore:['{\"translate\":\"tag.cam.poison\",\"color\":\"gray\",\"italic\":false}'],Name:'[{\"translate\":\"item.cam.poisonheart\",\"color\":\"dark_green\",\"italic\":false}]'},CustomModelData:9102001}"
						}
					]
				}
			]
		}
	]
}
