{
  "pools": [
    {
      "rolls": 1,
      "entries": [
        {
          "type": "minecraft:item",
          "name": "minecraft:stone_sword",
          "functions": [
            {
              "function": "minecraft:set_nbt",
              "tag": "{id:\"cam:snake_rod\",CustomModelData:9102035,AttributeModifiers:[{AttributeName:\"generic.attack_damage\",Amount:3,Name:\"CAM\",UUID:[I;15614,9847516,49848,984],Slot:mainhand,Operation:0},{AttributeName:\"generic.attack_speed\",Amount:-3,Name:\"CAM\",UUID:[I;9845,49841,4961,22],Slot:mainhand,Operation:0}],display:{Lore:['{\"translate\":\"item.modifiers.mainhand\",\"color\":\"gray\",\"italic\":false}','{\"translate\":\"attribute.modifier.equals.0\",\"with\":[{\"text\":\"4\"},{\"translate\":\"attribute.name.generic.attackDamage\"}],\"color\":\"dark_green\",\"italic\":false}','{\"translate\":\"attribute.modifier.equals.0\",\"with\":[{\"text\":\"1\"},{\"translate\":\"attribute.name.generic.attackSpeed\"}],\"color\":\"dark_green\",\"italic\":false}','{\"translate\":\"enchantment.cam.general\",\"with\":[{\"translate\":\"enchant.cam.phylactery\"}],\"color\":\"gray\",\"italic\":false}'],Name:'{\"translate\":\"item.cam.snake_rod\",\"italic\":false}'},Enchantments:[{id:\"cam:antigrind\"}],RepairCost:65,HideFlags:2,RodModeShift:1b,CAM_rod:1b,CAM_Enchantments:[{id:\"cam:phylactery\",lvl:1}],CAM_antigrind:1b,CAM_grindtype:2}"
            }
          ]
        }
      ]
    }
  ]
}
