{
  "pools": [
    {
      "rolls": 1,
      "entries": [
        {
          "type": "minecraft:item",
          "name": "minecraft:stone",
          "functions": [
            {
              "function": "minecraft:set_nbt",
              "tag": "{randomMarker:1b}"
            },
            {
              "function": "minecraft:set_attributes",
              "modifiers": [
                {
                  "attribute": "minecraft:generic.luck",
                  "name": "random_luck",
                  "amount": {
                    "type": "minecraft:uniform",
                    "min": {
                      "type": "minecraft:score",
                      "target": {
                        "type": "minecraft:fixed",
                        "name": "#min"
                      },
                      "score": "random"
                    },
                    "max": {
                      "type": "minecraft:score",
                      "target": {
                        "type": "minecraft:fixed",
                        "name": "#max"
                      },
                      "score": "random"
                    }
                  },
                  "operation": "addition",
                  "slot": "mainhand"
                }
              ]
            }
          ]
        }
      ]
    }
  ]
}