{
  "pools": [
    {
      "rolls": 1,
      "entries": [
        {
          "type": "minecraft:item",
          "weight": 6,
          "name": "minecraft:stone",
          "functions": [
            {
              "function": "minecraft:set_nbt",
              "tag": "{CAM_Enchantments:[{id:\"cam:backbite\",lvl:0,curse:1b}],CAM_spe:2b}"
            },
            {
              "function": "minecraft:set_lore",
              "lore": [
                {
                  "translate":"enchant.cam.backbite",
                  "color": "gray"
                }
              ]
            }
          ]
        }
      ]
    }
  ]
}
