{
    "pools": [
        {
            "rolls": 1,
            "entries": [
                {
                    "type": "loot_table",
                    "name": "cam:fishing/cod",
                    "weight": 35
                },
                {
                    "type": "item",
                    "name": "minecraft:salmon",
                    "weight": 7
                },
                {
                    "type": "item",
                    "name": "minecraft:pufferfish",
                    "weight": 8
                },
                {
                    "type": "item",
                    "name": "minecraft:tropical_fish",
                    "weight": 50
                }
            ]
        }
    ]
}
