{
    "criteria": {
        "1":{
            "trigger": "player_killed_entity",
            "conditions": {
                "entity": {
                    "type": "#undead"
                },
                "killing_blow": {
                    "source_entity": {
                        "equipment": {
                            "mainhand": {
                                "predicates": {
                                    "custom_data": {
                                        "1": true
                                    }
                                }
                            }
                        }
                    }
                }
            }
        }
    },
    "rewards": {
        "function": "cit:1"
    }
}