{
  "pools": [
    {
      "rolls": 1,
      "entries": [
        {
          "type": "minecraft:loot_table",
          "name": "cam:sacrificing_table/physics/dizziness",
          "conditions": [
            {
              "condition": "minecraft:reference",
              "name": "cam:sacrifice/weapon_type/swords"
            }
          ],
          "weight": 1
        },
        {
          "type": "minecraft:loot_table",
          "name": "cam:sacrificing_table/physics/freeze",
          "weight": 3
        },
        {
          "type": "minecraft:loot_table",
          "name": "cam:sacrificing_table/physics/poison",
          "weight": 3
        },
        {
          "type": "minecraft:loot_table",
          "name": "cam:sacrificing_table/physics/decay",
          "weight": 3
        },
        {
          "type": "minecraft:loot_table",
          "name": "cam:sacrificing_table/physics/rampage",
          "weight": 3
        },
        {
          "type": "minecraft:loot_table",
          "name": "cam:sacrificing_table/physics/rattlesnake",
          "conditions": [
            {
              "condition": "minecraft:reference",
              "name": "cam:sacrifice/weapon_type/swords"
            }
          ],
          "weight": 2
        },
        {
          "type": "minecraft:loot_table",
          "name": "cam:sacrificing_table/physics/swift",
          "conditions": [
            {
              "condition": "minecraft:reference",
              "name": "cam:sacrifice/weapon_type/bows"
            }
          ],
          "weight": 1
        },
        {
          "type": "minecraft:loot_table",
          "name": "cam:sacrificing_table/physics/backtrack",
          "conditions": [
            {
              "condition": "minecraft:reference",
              "name": "cam:sacrifice/weapon_type/bows"
            }
          ],
          "weight": 3
        }
      ]
    }
  ]
}
