{
  "condition": "minecraft:inverted",
  "term": {
    "condition": "minecraft:any_of",
    "terms": [
      {
        "condition": "minecraft:inverted",
        "term": {
          "condition": "minecraft:any_of",
          "terms": [
            {
              "condition": "minecraft:reference",
              "name": "cam:furance/copper/item"
            },
            {
              "condition": "minecraft:reference",
              "name": "cam:furance/copper/item_2"
            }
          ]
        }
      },
      {
        "condition": "minecraft:location_check",
        "predicate": {
          "block": {
            "nbt": "{Items:[{Slot:2b}]}"
          }
        }
      }
    ]
  }
}
