{
    "condition": "minecraft:any_of",
    "terms": [
        {
            "condition": "minecraft:location_check",
            "predicate": {
                "block": {
                    "nbt": "{Items:[{Slot:0b,tag:{id:\"cam:copper_sword\"}}]}"
                }
            }
        },
        {
            "condition": "minecraft:location_check",
            "predicate": {
                "block": {
                    "nbt": "{Items:[{Slot:0b,id:\"minecraft:iron_pickaxe\",tag:{id:\"cam:copper_pickaxe\"}}]}"
                }
            }
        }
    ]
}
