{
    "pools": [
        {
            "rolls": 1,
            "entries": [
                {
                    "type": "minecraft:loot_table",
                    "name": "cam:carapax/shield/agility",
                    "weight": 4
                  },
                  {
                    "type": "minecraft:loot_table",
                    "name": "cam:carapax/shield/tenacity",
                    "weight": 4
                  },
                  {
                    "type": "minecraft:loot_table",
                    "name": "cam:carapax/shield/thistle",
                    "weight": 4
                  },{
                    "type": "minecraft:loot_table",
                    "name": "cam:carapax/shield/resilience",
                    "weight": 1
                  },
                  {
                    "type": "minecraft:loot_table",
                    "name": "cam:carapax/shield/revenge",
                    "weight": 4
                  }
            ]
        }
    ]
}