{
  "pools": [
    {
      "rolls": 1,
      "entries": [
        {
          "type": "minecraft:alternatives",
          "children": [
            {
              "type": "minecraft:item",
              "name": "minecraft:egg",
              "functions": [
                {
                  "function": "minecraft:set_count",
                  "count": {
                    "min": 8,
                    "max": 16
                  }
                }
              ]
            }
          ],
          "conditions": [
            {
              "condition": "minecraft:entity_scores",
              "entity": "this",
              "scores": {
                "CAM_hunterlvl": 3
              }
            }
          ]
        }
      ]
    }
  ]
}
