{
    "pools": [
        {
            "rolls": 1,
            "entries": [
                {
                    "type": "minecraft:alternatives",
                    "children": [
                        {
                            "type": "minecraft:loot_table",
                            "name": "cam:sacrificing_table/sacrifice_shield",
                            "conditions": [
                                {
                                    "condition": "minecraft:reference",
                                    "name": "cam:sacrifice/weapon_type/shield"
                                }
                            ]
                        },
                        {
                            "type": "minecraft:loot_table",
                            "name": "cam:sacrificing_table/sacrifice_normal"
                        }
                    ]
                }
            ]
        }
    ]
}