{
    "parent": "cam:countryside_and_magic/root",
    "criteria": {
        "a":{
            "trigger": "minecraft:entity_hurt_player",
            "conditions": {
                "damage": {
                    "blocked": true,
                    "dealt": {
                        "min":15.0
                    },
                    "type": {
                        "tags": [
                            {
                                "expected": false,
                                "id": "is_projectile"
                            }
                        ]
                    }
                }
            }
        }
    },
    "rewards": {
        "function": "cam:combat/shield/trigger3"
    }
}