{
    "pools": [
        {
            "rolls": 1,
            "functions": [
                {
                    "function": "set_name",
                    "name": {
                        "translate":"item.cam.prophetic_carapax",
                        "italic": false
                    }
                },
                {
                    "function": "set_nbt",
                    "tag": "{id:\"cam:prophetic_carapax\"}"
                }
            ],
            "entries": [
                {
                    "type": "item",
                    "name":"minecraft:firework_star",
                    "functions": [
                        {
                            "function": "set_nbt",
                            "tag": "{CustomModelData:9103001}"
                        }
                    ]
                },
                {
                    "type": "item",
                    "name":"minecraft:firework_star",
                    "functions": [
                        {
                            "function": "set_nbt",
                            "tag": "{CustomModelData:9103002}"
                        }
                    ]
                },
                {
                    "type": "item",
                    "name":"minecraft:firework_star",
                    "functions": [
                        {
                            "function": "set_nbt",
                            "tag": "{CustomModelData:9103003}"
                        }
                    ]
                },
                {
                    "type": "item",
                    "name":"minecraft:firework_star",
                    "functions": [
                        {
                            "function": "set_nbt",
                            "tag": "{CustomModelData:9103004}"
                        }
                    ]
                },
                {
                    "type": "item",
                    "name":"minecraft:firework_star",
                    "functions": [
                        {
                            "function": "set_nbt",
                            "tag": "{CustomModelData:9103005}"
                        }
                    ]
                },
                {
                    "type": "item",
                    "name":"minecraft:firework_star",
                    "functions": [
                        {
                            "function": "set_nbt",
                            "tag": "{CustomModelData:9103006}"
                        }
                    ]
                },
                {
                    "type": "item",
                    "name":"minecraft:firework_star",
                    "functions": [
                        {
                            "function": "set_nbt",
                            "tag": "{CustomModelData:9103007}"
                        }
                    ]
                },
                {
                    "type": "item",
                    "name":"minecraft:firework_star",
                    "functions": [
                        {
                            "function": "set_nbt",
                            "tag": "{CustomModelData:9103008}"
                        }
                    ]
                },
                {
                    "type": "item",
                    "name":"minecraft:firework_star",
                    "functions": [
                        {
                            "function": "set_nbt",
                            "tag": "{CustomModelData:9103009}"
                        }
                    ]
                },
                {
                    "type": "item",
                    "name":"minecraft:firework_star",
                    "functions": [
                        {
                            "function": "set_nbt",
                            "tag": "{CustomModelData:9103010}"
                        }
                    ]
                },
                {
                    "type": "item",
                    "name":"minecraft:firework_star",
                    "functions": [
                        {
                            "function": "set_nbt",
                            "tag": "{CustomModelData:9103011}"
                        }
                    ]
                },
                {
                    "type": "item",
                    "name":"minecraft:firework_star",
                    "functions": [
                        {
                            "function": "set_nbt",
                            "tag": "{CustomModelData:9103012}"
                        }
                    ]
                },
                {
                    "type": "item",
                    "name":"minecraft:firework_star",
                    "functions": [
                        {
                            "function": "set_nbt",
                            "tag": "{CustomModelData:9103013}"
                        }
                    ]
                },
                {
                    "type": "item",
                    "name":"minecraft:firework_star",
                    "functions": [
                        {
                            "function": "set_nbt",
                            "tag": "{CustomModelData:9103014}"
                        }
                    ]
                },
                {
                    "type": "item",
                    "name":"minecraft:firework_star",
                    "functions": [
                        {
                            "function": "set_nbt",
                            "tag": "{CustomModelData:9103015}"
                        }
                    ]
                },
                {
                    "type": "item",
                    "name":"minecraft:firework_star",
                    "functions": [
                        {
                            "function": "set_nbt",
                            "tag": "{CustomModelData:9103016}"
                        }
                    ]
                },
                {
                    "type": "item",
                    "name":"minecraft:firework_star",
                    "functions": [
                        {
                            "function": "set_nbt",
                            "tag": "{CustomModelData:9103017}"
                        }
                    ]
                },
                {
                    "type": "item",
                    "name":"minecraft:firework_star",
                    "functions": [
                        {
                            "function": "set_nbt",
                            "tag": "{CustomModelData:9103018}"
                        }
                    ]
                },
                {
                    "type": "item",
                    "name":"minecraft:firework_star",
                    "functions": [
                        {
                            "function": "set_nbt",
                            "tag": "{CustomModelData:9103019}"
                        }
                    ]
                },
                {
                    "type": "item",
                    "name":"minecraft:firework_star",
                    "functions": [
                        {
                            "function": "set_nbt",
                            "tag": "{CustomModelData:9103020}"
                        }
                    ]
                },
                {
                    "type": "item",
                    "name":"minecraft:firework_star",
                    "functions": [
                        {
                            "function": "set_nbt",
                            "tag": "{CustomModelData:9103021}"
                        }
                    ]
                },
                {
                    "type": "item",
                    "name":"minecraft:firework_star",
                    "functions": [
                        {
                            "function": "set_nbt",
                            "tag": "{CustomModelData:9103022}"
                        }
                    ]
                },
                {
                    "type": "item",
                    "name":"minecraft:firework_star",
                    "functions": [
                        {
                            "function": "set_nbt",
                            "tag": "{CustomModelData:9103023}"
                        }
                    ]
                },
                {
                    "type": "item",
                    "name":"minecraft:firework_star",
                    "functions": [
                        {
                            "function": "set_nbt",
                            "tag": "{CustomModelData:9103024}"
                        }
                    ]
                },
                {
                    "type": "item",
                    "name":"minecraft:firework_star",
                    "functions": [
                        {
                            "function": "set_nbt",
                            "tag": "{CustomModelData:9103025}"
                        }
                    ]
                },
                {
                    "type": "item",
                    "name":"minecraft:firework_star",
                    "functions": [
                        {
                            "function": "set_nbt",
                            "tag": "{CustomModelData:9103026}"
                        }
                    ]
                }
            ]
        }
    ]
}