{
    "pools": [
        {
            "rolls": 1,
            "entries": [
                {
                    "type": "loot_table",
                    "name": "cam:carapax/physics/physics",
                    "weight": 40
                },
                {
                    "type": "loot_table",
                    "name": "cam:carapax/magic/magic",
                    "weight": 40
                },
                {
                    "type": "loot_table",
                    "name": "cam:carapax/shield/shield",
                    "weight": 15
                },
                {
                    "type": "loot_table",
                    "name": "cam:carapax/curse/curse",
                    "weight": 4
                },
                {
                    "type": "loot_table",
                    "name": "cam:carapax/mysterious/mysterious",
                    "weight": 1
                }
            ]
        }
    ]
}
