{
    "anvil_cost":2,
    "weight":4,
    "description":{
        "text":"冲刺"
    },
    "supported_items":"#minecraft:enchantable/leg_armor",
    "min_cost": {
        "base" : 15,
        "per_level_above_first" : 10
    },
    "max_cost": {
        "base" : 45,
        "per_level_above_first" : 10
    },
    "max_level":5,
    "slots":[
        "legs"
    ],
    "effects":{
        "minecraft:tick":[
            {
                "effect":{
                    "type":"run_function",
                    "function":"rainbow_trials:enchantments/rush"
                }
            }
        ],
        "minecraft:location_changed":[
            {
                "requirements":{
                    "condition":"all_of",
                    "terms":[
                        {
                            "condition":"random_chance",
                            "chance":0.03
                        },
                        {
                            "condition":"entity_properties",
                            "entity":"this",
                            "predicate":{
                                "flags":{
                                    "is_sprinting":true
                                }
                            }
                        },
                        {
                            "condition":"entity_properties",
                            "entity":"this",
                            "predicate":{
                                "flags":{
                                    "is_on_ground":true
                                }
                            }
                        },
                        {
                            "condition":"enchantment_active_check",
                            "active":false
                        }
                    ]
                },
                "effect":{
                    "type":"change_item_damage",
                    "amount":{
                        "type":"exponent",
                        "base":2,
                        "power":{
                            "type":"linear",
                            "base":1,
                            "per_level_above_first":1
                        }
                    }
                }
            }
        ]
    }
}