{"stats":{"minecraft:mined":{"minecraft:grass_block":1,"minecraft:dirt":2,"minecraft:spawner":5},"minecraft:picked_up":{"minecraft:splash_potion":8,"minecraft:chicken":2,"minecraft:diamond_sword":7,"minecraft:potato":1,"minecraft:spider_eye":1,"minecraft:string":1,"minecraft:dirt":4,"minecraft:bone":1,"minecraft:zombie_spawn_egg":1,"minecraft:arrow":1,"minecraft:slime_ball":22,"minecraft:rotten_flesh":31,"minecraft:netherite_sword":7,"minecraft:blaze_rod":7},"minecraft:killed_by":{"minecraft:player":1},"minecraft:dropped":{"minecraft:dirt":1,"minecraft:slime_ball":11,"minecraft:splash_potion":1},"minecraft:custom":{"minecraft:time_since_rest":103275,"minecraft:sprint_one_cm":19091,"minecraft:walk_one_cm":64979,"minecraft:damage_taken":380,"minecraft:mob_kills":154,"minecraft:interact_with_anvil":4,"minecraft:drop":3,"minecraft:damage_dealt":11514,"minecraft:fly_one_cm":72307,"minecraft:open_chest":6,"minecraft:crouch_one_cm":1108,"minecraft:play_time":466310,"minecraft:deaths":1,"minecraft:sneak_time":810,"minecraft:interact_with_lectern":3,"minecraft:jump":472,"minecraft:leave_game":19,"minecraft:time_since_death":103252,"minecraft:total_world_time":615667},"minecraft:killed":{"minecraft:skeleton":2,"minecraft:zombie":50,"minecraft:chicken":2,"minecraft:spider":2,"minecraft:player":1,"minecraft:slime":97},"minecraft:used":{"minecraft:netherite_sword":53,"minecraft:diamond_pickaxe":5,"minecraft:writable_book":5,"minecraft:warped_trapdoor":12,"minecraft:grass_block":1,"minecraft:warped_slab":1,"minecraft:spawner":26,"minecraft:verdant_froglight":1,"minecraft:stripped_warped_stem":9,"minecraft:lectern":2,"minecraft:chicken_spawn_egg":2,"minecraft:chest":2,"minecraft:stone":9,"minecraft:zombie_spawn_egg":58,"minecraft:glow_item_frame":1,"minecraft:diamond_sword":115,"minecraft:dirt":3,"minecraft:anvil":4,"minecraft:warped_pressure_plate":1,"minecraft:zombified_piglin_spawn_egg":1,"minecraft:splash_potion":226}},"DataVersion":4082}