{
    "pools": [{
        "entries": [{
            "type": "minecraft:item",
            "name": "minecraft:splash_potion",
            "functions": [{
                "function": "minecraft:set_components",
                "components": {
                    "potion_contents": "strong_harming",
                    "use_cooldown": {
                        "cooldown_group": "cit:3",
                        "seconds": 5
                    },
                    "use_remainder": {
                        "id": "minecraft:splash_potion",
                        "components": {
                            "potion_contents": "strong_harming",
                            "custom_data": {
                                "infty": true,
                                "id": "3"
                            }
                        }
                    }
                }
            }]
        }],
        "rolls": 1
    }]
}