{
    "pools": [
        {
            "rolls": 1,
            "entries": [
                {
                    "type": "minecraft:loot_table",
                    "name": "cam:sacrificing_table/magic/phylactery",
                    "weight": 1
                  },
                  {
                    "type": "minecraft:loot_table",
                    "name": "cam:sacrificing_table/physics/decay",
                    "weight": 3
                  },
                  {
                    "type": "minecraft:loot_table",
                    "name": "cam:sacrificing_table/physics/freeze",
                    "weight": 3
                  },
                  {
                    "type": "minecraft:loot_table",
                    "name": "cam:sacrificing_table/physics/poison",
                    "weight": 3
                  },
                  {
                    "type": "minecraft:loot_table",
                    "name": "cam:sacrificing_table/physics/dizziness",
                    "weight": 1
                  },
                  {
                    "type": "minecraft:loot_table",
                    "name": "cam:sacrificing_table/magic/wither",
                    "weight": 3
                  },
                  {
                    "type": "minecraft:loot_table",
                    "name": "cam:sacrificing_table/physics/rampage",
                    "weight": 3
                  },
                  {
                    "type": "minecraft:loot_table",
                    "name": "cam:sacrificing_table/magic/wither",
                    "weight": 3
                  },
                  {
                    "type": "minecraft:loot_table",
                    "name": "cam:sacrificing_table/magic/catalyze",
                    "weight": 2
                  },
                  {
                    "type": "minecraft:loot_table",
                    "name": "cam:sacrificing_table/magic/edification",
                    "weight": 3
                  },
                {
                    "type": "minecraft:loot_table",
                    "name": "cam:sacrificing_table/shield/agility",
                    "weight": 4
                  },
                  {
                    "type": "minecraft:loot_table",
                    "name": "cam:sacrificing_table/shield/tenacity",
                    "weight": 4
                  },
                  {
                    "type": "minecraft:loot_table",
                    "name": "cam:sacrificing_table/shield/thistle",
                    "weight": 4
                  },{
                    "type": "minecraft:loot_table",
                    "name": "cam:sacrificing_table/shield/resilience",
                    "weight": 1
                  },
                  {
                    "type": "minecraft:loot_table",
                    "name": "cam:sacrificing_table/shield/revenge",
                    "weight": 4
                  }
            ]
        }
    ]
}