{
  "pools": [
    {
      "rolls": 1,
      "entries": [
        {
          "type": "loot_table",
          "name": "cam:sacrificing_table/curse/curse",
          "weight": 25
        },
        {
          "type": "minecraft:item",
          "weight": 25,
          "name": "minecraft:stone",
          "functions": [
            {
              "function": "minecraft:set_nbt",
              "tag": "{CAM_Enchantments:[{id:\"cam:failure\",lvl:1}]}"
            }
          ]
        },
        {
          "type": "minecraft:loot_table",
          "name": "cam:sacrificing_table/magic/wither",
          "weight": 50
        }
      ]
    }
  ]
}
