{
    "condition": "any_of",
    "terms": [
        {
            "condition": "entity_properties",
            "entity": "this",
            "predicate": {
                "equipment": {
                    "mainhand":{
                        "predicates": {
                            "custom_data": {
                                "sample":1
                            }
                        }
                    }
                }
            }
        },
        {
            "condition": "entity_properties",
            "entity": "this",
            "predicate": {
                "equipment": {
                    "offhand":{
                        "predicates": {
                            "custom_data": {
                                "sample":1
                            }
                        }
                    }
                }
            }
        }
    ]
}