{
  "type": "minecraft:fishing",
  "pools": [
    {
      "bonus_rolls": 0.0,
      "entries": [
        {
          "type": "minecraft:item",
          "name": "minecraft:cod",
          "weight": 60
        },
        {
          "type": "minecraft:item",
          "name": "minecraft:salmon",
          "weight": 25
        },
        {
          "type": "minecraft:item",
          "name": "minecraft:tropical_fish",
          "weight": 2
        },
        {
          "type": "minecraft:item",
          "name": "minecraft:pufferfish",
          "weight": 13
        }
      ],
      "rolls": 1.0
    }
  ],
  "random_sequence": "minecraft:gameplay/fishing/fish",
  "functions":[
    {
        "function":"furnace_smelt",
        "conditions":[
            {
                "condition": "match_tool",
                "components":{
                    "minecraft:enchantments":{
                        "rainbow_trials:cooker_fisher":1
                    }
                }
            }
        ]
    }
  ]
}