{
    "type":"chest",
    "pools":[
        {
            "rolls":27,
            "entries":[
                {
                    "type":"empty",
                    "weight":300
                },
                {
                    "type":"item",
                    "name":"beef",
                    "weight":20
                },
                {
                    "type":"item",
                    "name":"porkchop",
                    "weight":20
                },
                {
                    "type":"item",
                    "name":"mutton",
                    "weight":20
                },
                {
                    "type":"item",
                    "name":"chicken",
                    "weight":20
                },
                {
                    "type":"item",
                    "name":"rabbit",
                    "weight":20
                },
                {
                    "type":"item",
                    "name":"cod",
                    "weight":20
                },
                {
                    "type":"item",
                    "name":"salmon",
                    "weight":20
                },
                {
                    "type":"item",
                    "name":"bread",
                    "weight":20
                },
                {
                    "type":"item",
                    "name":"mushroom_stew",
                    "weight":5
                },
                {
                    "type":"item",
                    "name":"beetroot_soup",
                    "weight":5
                },
                {
                    "type":"item",
                    "name":"rabbit_stew",
                    "weight":5
                },
                {
                    "type":"item",
                    "name":"potato",
                    "weight":20
                }
            ]
        }
    ],
    "functions":[
        {
            "function":"furnace_smelt",
            "conditions":[
                {
                    "condition":"random_chance",
                    "chance":0.25
                }
            ]
        }
    ]
}