{
    "type":"chest",
    "pools":[
        {
            "rolls":26,
            "entries":[
                {
                    "type":"empty",
                    "weight":300
                },
                {
                    "type":"item",
                    "name":"paper",
                    "weight":20
                },
                {
                    "type":"item",
                    "name":"stick",
                    "weight":20
                },
                {
                    "type":"item",
                    "name":"writable_book",
                    "weight":20
                },
                {
                    "type":"item",
                    "name":"book",
                    "weight":20
                },
                {
                    "type":"item",
                    "name":"feather",
                    "weight":20
                }
            ]
        },
        {
            "rolls":1,
            "entries":[
                {
                    "type":"item",
                    "name":"map",
                    "weight":300,
                    "functions":[
                        {
                            "function":"exploration_map",
                            "destination":"on_woodland_explorer_maps",
                            "search_radius":50,
                            "zoom":2
                        }
                    ]
                }
            ]
        }
    ]
}