{
    "fallback":"minecraft:empty",
    "elements":[
        {
            "weight":1,
            "element":{
            "element_type":"legacy_single_pool_element",
            "projection":"terrain_matching",
            "location":"patricks_structure:pillager_camp/road/cross_01",
            "override_liquid_settings":"ignore_waterlogging",
            "processors":"patricks_structure:pillager_camp_road"}
        },
        {
            "weight":1,
            "element":{
            "element_type":"legacy_single_pool_element",
            "projection":"terrain_matching",
            "location":"patricks_structure:pillager_camp/road/cross_02",
            "override_liquid_settings":"ignore_waterlogging",
            "processors":"patricks_structure:pillager_camp_road"}
        },
        {
            "weight":1,
            "element":{
            "element_type":"legacy_single_pool_element",
            "projection":"terrain_matching",
            "location":"patricks_structure:pillager_camp/road/straight_01",
            "override_liquid_settings":"ignore_waterlogging",
            "processors":"patricks_structure:pillager_camp_road"}
        },
        {
            "weight":1,
            "element":{
            "element_type":"legacy_single_pool_element",
            "projection":"terrain_matching",
            "location":"patricks_structure:pillager_camp/road/straight_02",
            "override_liquid_settings":"ignore_waterlogging",
            "processors":"patricks_structure:pillager_camp_road"}
        },
        {
            "weight":1,
            "element":{
            "element_type":"legacy_single_pool_element",
            "projection":"terrain_matching",
            "location":"patricks_structure:pillager_camp/road/straight_03",
            "override_liquid_settings":"ignore_waterlogging",
            "processors":"patricks_structure:pillager_camp_road"}
        },
        {
            "weight":1,
            "element":{
            "element_type":"legacy_single_pool_element",
            "projection":"terrain_matching",
            "location":"patricks_structure:pillager_camp/road/straight_04",
            "override_liquid_settings":"ignore_waterlogging",
            "processors":"patricks_structure:pillager_camp_road"}
        },
        {
            "weight":1,
            "element":{
            "element_type":"legacy_single_pool_element",
            "projection":"terrain_matching",
            "location":"patricks_structure:pillager_camp/road/turn_01",
            "override_liquid_settings":"ignore_waterlogging",
            "processors":"patricks_structure:pillager_camp_road"}
        },
        {
            "weight":1,
            "element":{
            "element_type":"legacy_single_pool_element",
            "projection":"terrain_matching",
            "location":"patricks_structure:pillager_camp/road/turn_02",
            "override_liquid_settings":"ignore_waterlogging",
            "processors":"patricks_structure:pillager_camp_road"}
        }
    ]
}