{
    "fallback":"minecraft:empty",
    "elements":[
        {
            "weight":1,
            "element":{
            "element_type":"single_pool_element",
            "projection":"rigid",
            "location":"patricks_structure:pillager_camp/tent/hot_pot",
            "override_liquid_settings":"ignore_waterlogging",
            "processors":"patricks_structure:pillager_camp"}
        },
        {
            "weight":1,
            "element":{
            "element_type":"single_pool_element",
            "projection":"rigid",
            "location":"patricks_structure:pillager_camp/tent/map_tent",
            "override_liquid_settings":"ignore_waterlogging",
            "processors":"patricks_structure:pillager_camp"}
        },
        {
            "weight":1,
            "element":{
            "element_type":"single_pool_element",
            "projection":"rigid",
            "location":"patricks_structure:pillager_camp/tent/small_tent",
            "override_liquid_settings":"ignore_waterlogging",
            "processors":"patricks_structure:pillager_camp"}
        },
        {
            "weight":1,
            "element":{
            "element_type":"single_pool_element",
            "projection":"rigid",
            "location":"patricks_structure:pillager_camp/tent/special",
            "override_liquid_settings":"ignore_waterlogging",
            "processors":"patricks_structure:pillager_camp"}
        },
        {
            "weight":1,
            "element":{
            "element_type":"single_pool_element",
            "projection":"rigid",
            "location":"patricks_structure:pillager_camp/tent/tent_for_2",
            "override_liquid_settings":"ignore_waterlogging",
            "processors":"patricks_structure:pillager_camp"}
        }
    ]
}