{
    "fallback":"minecraft:empty",
    "elements":[
        {
            "weight":1,
            "element":{
            "element_type":"single_pool_element",
            "projection":"rigid",
            "location":"patricks_structure:pillager_camp/unit/allay_cage",
            "override_liquid_settings":"ignore_waterlogging",
            "processors":"patricks_structure:pillager_camp"}
        },
        {
            "weight":1,
            "element":{
            "element_type":"single_pool_element",
            "projection":"rigid",
            "location":"patricks_structure:pillager_camp/unit/brewing_stall",
            "override_liquid_settings":"ignore_waterlogging",
            "processors":"patricks_structure:pillager_camp"}
        },
        {
            "weight":1,
            "element":{
            "element_type":"single_pool_element",
            "projection":"rigid",
            "location":"patricks_structure:pillager_camp/unit/farm",
            "override_liquid_settings":"ignore_waterlogging",
            "processors":"patricks_structure:pillager_camp"}
        },
        {
            "weight":1,
            "element":{
            "element_type":"single_pool_element",
            "projection":"rigid",
            "location":"patricks_structure:pillager_camp/unit/hay_wheelbarrow",
            "override_liquid_settings":"ignore_waterlogging",
            "processors":"patricks_structure:pillager_camp"}
        },
        {
            "weight":1,
            "element":{
            "element_type":"single_pool_element",
            "projection":"rigid",
            "location":"patricks_structure:pillager_camp/unit/melon_wheelbarrow",
            "override_liquid_settings":"ignore_waterlogging",
            "processors":"patricks_structure:pillager_camp"}
        },
        {
            "weight":1,
            "element":{
            "element_type":"single_pool_element",
            "projection":"rigid",
            "location":"patricks_structure:pillager_camp/unit/truck",
            "override_liquid_settings":"ignore_waterlogging",
            "processors":"patricks_structure:pillager_camp"}
        },
        {
            "weight":1,
            "element":{
            "element_type":"single_pool_element",
            "projection":"rigid",
            "location":"patricks_structure:pillager_camp/unit/watch_tower",
            "override_liquid_settings":"ignore_waterlogging",
            "processors":"patricks_structure:pillager_camp"}
        },
        {
            "weight":1,
            "element":{
            "element_type":"single_pool_element",
            "projection":"rigid",
            "location":"patricks_structure:pillager_camp/unit/well",
            "override_liquid_settings":"ignore_waterlogging",
            "processors":"patricks_structure:pillager_camp"}
        }
    ]
}