{
  "display": {
    "icon": {
      "item": "minecraft:green_dye",
      "nbt": "{CustomModelData:9102060}"
    },
    "title": {
      "translate": "advancements.cam.bless.title"
    },
    "description": {
      "translate": "advancements.cam.bless.description"
    },
    "frame": "challenge"
  },
  "parent": "cam:countryside_and_magic/village_tales",
  "criteria": {
    "trigger": {
      "trigger": "minecraft:inventory_changed",
      "conditions": {
        "items": [
          {
            "nbt": "{id:\"cam:four_leaf_clover\"}"
          }
        ]
      }
    }
  },
  "rewards": {
    "experience": 30
  }
}
