{
    "display": {
        "icon": {
            "item": "minecraft:firework_star",
            "nbt": "{CustomModelData:9102143}"
        },
        "title": {
            "translate": "advancements.cam.broken_weapon.title"
        },
        "description": {
            "translate": "advancements.cam.broken_weapon.description"
        },
        "frame": "task"
    },
    "parent": "cam:countryside_and_magic/fishmap",
    "criteria": {
        "1": {
            "trigger": "minecraft:inventory_changed",
            "conditions": {
                "items": [
                    {
                        "nbt": "{id:\"cam:weapon_debris_bow\"}"
                    }
                ]
            }
        },
        "2": {
            "trigger": "minecraft:inventory_changed",
            "conditions": {
                "items": [
                    {
                        "nbt": "{id:\"cam:weapon_debris_stone_sword\"}"
                    }
                ]
            }
        },
        "3": {
            "trigger": "minecraft:inventory_changed",
            "conditions": {
                "items": [
                    {
                        "nbt": "{id:\"cam:weapon_debris_iron_sword\"}"
                    }
                ]
            }
        },
        "4": {
            "trigger": "minecraft:inventory_changed",
            "conditions": {
                "items": [
                    {
                        "nbt": "{id:\"cam:weapon_debris_iron_axe\"}"
                    }
                ]
            }
        }
    },
    "requirements": [["1","2","3","4"]]
}
