{
  "display": {
    "icon": {
      "item": "minecraft:iron_sword",
      "nbt": "{CustomModelData:9102031}"
    },
    "title": {
      "translate": "advancements.cam.kite.title"
    },
    "description": {
      "translate": "advancements.cam.kite.description"
    },
    "frame": "task"
  },
  "parent": "cam:countryside_and_magic/shield",
  "criteria": {
    "default": {
      "trigger": "minecraft:player_killed_entity",
      "conditions": {
        "entity": {
          "type": "creeper"
        },
        "killing_blow": {
          "tags": [
            {
              "expected": true,
              "id": "cam:chain_blade"
            }
          ]
        }
      }
    }
  }
}
