{
    "display": {
        "icon": {
            "item": "minecraft:lantern",
            "nbt": "{CustomModelData:2224001}"
        },
        "title": {
            "translate": "advancements.cam.paper.title"
        },
        "description": {
            "translate": "advancements.cam.paper.description"
        },
        "frame": "challenge"
    },
    "parent": "cam:countryside_and_magic/crafting_table_get",
    "criteria": {
        "1": {
            "trigger": "minecraft:inventory_changed",
            "conditions": {
                "items": [
                    {
                        "nbt": "{CAM_palace_lantern:1b,CAM_lantern_type:1}"
                    }
                ]
            }
        },
        "2": {
            "trigger": "minecraft:inventory_changed",
            "conditions": {
                "items": [
                    {
                        "nbt": "{CAM_palace_lantern:1b,CAM_lantern_type:2}"
                    }
                ]
            }
        },
        "3": {
            "trigger": "minecraft:inventory_changed",
            "conditions": {
                "items": [
                    {
                        "nbt": "{CAM_palace_lantern:1b,CAM_lantern_type:3}"
                    }
                ]
            }
        },
        "4": {
            "trigger": "minecraft:inventory_changed",
            "conditions": {
                "items": [
                    {
                        "nbt": "{CAM_palace_lantern:1b,CAM_lantern_type:4}"
                    }
                ]
            }
        },
        "5": {
            "trigger": "minecraft:inventory_changed",
            "conditions": {
                "items": [
                    {
                        "nbt": "{CAM_palace_lantern:1b,CAM_lantern_type:5}"
                    }
                ]
            }
        },
        "6": {
            "trigger": "minecraft:inventory_changed",
            "conditions": {
                "items": [
                    {
                        "nbt": "{CAM_palace_lantern:1b,CAM_lantern_type:6}"
                    }
                ]
            }
        },
        "7": {
            "trigger": "minecraft:inventory_changed",
            "conditions": {
                "items": [
                    {
                        "nbt": "{CAM_palace_lantern:1b,CAM_lantern_type:7}"
                    }
                ]
            }
        },
        "8": {
            "trigger": "minecraft:inventory_changed",
            "conditions": {
                "items": [
                    {
                        "nbt": "{CAM_palace_lantern:1b,CAM_lantern_type:8}"
                    }
                ]
            }
        },
        "9": {
            "trigger": "minecraft:inventory_changed",
            "conditions": {
                "items": [
                    {
                        "nbt": "{CAM_palace_lantern:1b,CAM_lantern_type:9}"
                    }
                ]
            }
        },
        "10": {
            "trigger": "minecraft:inventory_changed",
            "conditions": {
                "items": [
                    {
                        "nbt": "{CAM_palace_lantern:1b,CAM_lantern_type:10}"
                    }
                ]
            }
        },
        "11": {
            "trigger": "minecraft:inventory_changed",
            "conditions": {
                "items": [
                    {
                        "nbt": "{CAM_palace_lantern:1b,CAM_lantern_type:11}"
                    }
                ]
            }
        },
        "12": {
            "trigger": "minecraft:inventory_changed",
            "conditions": {
                "items": [
                    {
                        "nbt": "{CAM_palace_lantern:1b,CAM_lantern_type:12}"
                    }
                ]
            }
        },
        "13": {
            "trigger": "minecraft:inventory_changed",
            "conditions": {
                "items": [
                    {
                        "nbt": "{CAM_palace_lantern:1b,CAM_lantern_type:13}"
                    }
                ]
            }
        },
        "14": {
            "trigger": "minecraft:inventory_changed",
            "conditions": {
                "items": [
                    {
                        "nbt": "{CAM_palace_lantern:1b,CAM_lantern_type:14}"
                    }
                ]
            }
        },
        "15": {
            "trigger": "minecraft:inventory_changed",
            "conditions": {
                "items": [
                    {
                        "nbt": "{CAM_palace_lantern:1b,CAM_lantern_type:15}"
                    }
                ]
            }
        },
        "16": {
            "trigger": "minecraft:inventory_changed",
            "conditions": {
                "items": [
                    {
                        "nbt": "{CAM_palace_lantern:1b,CAM_lantern_type:16}"
                    }
                ]
            }
        },
        "17": {
            "trigger": "minecraft:inventory_changed",
            "conditions": {
                "items": [
                    {
                        "nbt": "{CAM_palace_lantern:1b,CAM_lantern_type:17}"
                    }
                ]
            }
        },
        "18": {
            "trigger": "minecraft:inventory_changed",
            "conditions": {
                "items": [
                    {
                        "nbt": "{CAM_palace_lantern:1b,CAM_lantern_type:18}"
                    }
                ]
            }
        },
        "19": {
            "trigger": "minecraft:inventory_changed",
            "conditions": {
                "items": [
                    {
                        "nbt": "{CAM_palace_lantern:1b,CAM_lantern_type:19}"
                    }
                ]
            }
        },
        "20": {
            "trigger": "minecraft:inventory_changed",
            "conditions": {
                "items": [
                    {
                        "nbt": "{CAM_palace_lantern:1b,CAM_lantern_type:20}"
                    }
                ]
            }
        },
        "21": {
            "trigger": "minecraft:inventory_changed",
            "conditions": {
                "items": [
                    {
                        "nbt": "{CAM_palace_lantern:1b,CAM_lantern_type:21}"
                    }
                ]
            }
        },
        "22": {
            "trigger": "minecraft:inventory_changed",
            "conditions": {
                "items": [
                    {
                        "nbt": "{CAM_palace_lantern:1b,CAM_lantern_type:22}"
                    }
                ]
            }
        },
        "23": {
            "trigger": "minecraft:inventory_changed",
            "conditions": {
                "items": [
                    {
                        "nbt": "{CAM_palace_lantern:1b,CAM_lantern_type:23}"
                    }
                ]
            }
        }
    },
    "rewards": {
        "experience": 100
    }
}
