{
  "display": {
    "icon": {
      "item": "minecraft:shield",
      "nbt": "{CustomModelData:9102147}"
    },
    "title": {
      "translate": "advancements.cam.shield_re.title"
    },
    "description": {
      "translate": "advancements.cam.shield_re.description"
    },
    "frame": "task"
  },
  "parent": "cam:countryside_and_magic/priest",
  "criteria": {
    "default": {
      "trigger": "minecraft:player_killed_entity",
      "conditions": {
        "player": [
          {
            "condition": "minecraft:entity_properties",
            "entity": "this",
            "predicate": {
              "nbt": "{Tags:[\"CAM_shield\"]}"
            }
          },
          {
            "condition": "minecraft:value_check",
            "value": {
              "type": "score",
              "target":{
                "type": "context",
                "target": "this"
              },
              "score": "CAM_shield_tier"
            },
            "range": 5
          }
        ]
      }
    }
  }
}
