{
  "display": {
    "icon": {
      "item": "minecraft:bow",
      "nbt": "{CustomModelData:9102018}"
    },
    "title": {
      "translate": "advancements.cam.sniper.title"
    },
    "description": {
      "translate": "advancements.cam.sniper.description"
    },
    "frame": "task"
  },
  "parent": "cam:countryside_and_magic/shield",
  "criteria": {
    "default": {
      "trigger": "minecraft:player_killed_entity",
      "conditions": {
        "entity": {
          "distance": {
            "horizontal": {
              "max": 2
            }
          },
          "type": "#minecraft:skeletons"
        },
        "killing_blow": {
          "tags": [
            {
                "expected": true,
                "id": "minecraft:is_projectile"
            }
          ]
        },
        "player": {
          "equipment": {
            "mainhand": {
              "nbt": "{id:\"cam:bow_with_blade\"}"
            }
          }
        }
      }
    }
  }
}
