{
	"parent": "cam:countryside_and_magic/root",
	"criteria": {
		"emerald1": {
			"trigger": "minecraft:villager_trade",
			"conditions": {
				"item": {
					"count": 1,
					"items": [
						"minecraft:stone_axe"
					],
					"nbt": "{display:{Name:'[{\"translate\":\"item.cam.woodmansaxe\",\"bold\":false,\"italic\":false,\"underlined\":false,\"strikethrough\":false,\"obfuscated\":false}]'},Enchantments:[{id:\"minecraft:efficiency\",lvl:2}],summon_guard:1b}"
				}
			}
		}
	},
	"rewards": {
		"function": "cam:villager/farmer/woodman/back"
	}
}
