{
  "parent": "cam:countryside_and_magic/root",
  "criteria": {
    "default": {
      "trigger": "minecraft:player_hurt_entity",
      "conditions": {
        "damage": {
          "tags": [
            {
                "expected": true,
                "id": "minecraft:is_projectile"
            }
          ]
        },
        "player": [
          {
            "condition": "minecraft:reference",
            "name": "cam:misc/semibow/handheld"
          }
        ]
      }
    }
  },
  "rewards": {
    "function": "cam:advancements/semibow"
  }
}
