{
  "display": {
    "icon": {
      "item": "minecraft:crossbow",
      "nbt": "{CustomModelData:9102106}"
    },
    "title": {
      "translate": "advancements.cam.suppression.title"
    },
    "description": {
      "translate": "advancements.cam.suppression.description"
    },
    "frame": "task"
  },
  "parent": "cam:countryside_and_magic/shield",
  "criteria": {
    "default": {
      "trigger": "minecraft:player_hurt_entity",
      "conditions": {
        "entity": {
          "nbt":"{Tags:[\"CAM_hit_2\"]}"
        },
        "damage": {
          "tags": [
            {
                "expected": true,
                "id": "minecraft:is_projectile"
            }
          ]
        },
        "player": [
          {
            "condition": "minecraft:reference",
            "name": "cam:misc/semibow/handheld"
          }
        ]
      }
    }
  }
}
