{
    "condition": "minecraft:any_of",
    "terms":[
        {
            "condition": "minecraft:entity_properties",
            "entity": "this",
            "predicate": {
                "equipment": {
                    "mainhand": {
                        "nbt":"{CAM_Enchantments:[{id:\"cam:rainbow\"}]}"
                    }
                }
            }
        },
        {
            "condition": "minecraft:all_of",
            "terms": [
                {
                    "condition": "minecraft:entity_properties",
                    "entity": "this",
                    "predicate": {
                        "equipment": {
                            "mainhand": {
                                "items": ["bow"],
                                "nbt":"{display:{Name:'\"Rainbow_\"'}}"
                            }
                        }
                    }
                },
                {
                    "condition": "minecraft:value_check",
                    "value": {
                      "type": "score",
                      "target": {
                        "type": "fixed",
                        "name": "#toys"
                      },
                      "score": "CAM_module"
                    },
                    "range": 1
                  }
            ]
        }
    ]
}
