[
    {
        "condition": "minecraft:reference",
        "name": "cam:item_displayer/air"
    },
    {
        "condition": "minecraft:entity_scores",
        "entity": "this",
        "scores": {
            "CAM_dis_status": 1,
            "CAM_dis_set": 1
        }
    },
    {
        "condition": "minecraft:inverted",
        "term": {
            "condition": "minecraft:entity_properties",
            "entity": "this",
            "predicate": {
                "equipment": {
                    "chest": {
                        "nbt": "{CAM_dis_bg:1b}"
                    }
                }
            }
        }
    }
]
